date,token,total_supply
2026-08-30,KCS,165641743
2026-08-30,MX,409024834
2026-08-31,KCS,165641743
2026-08-31,MX,409024834
2026-09-01,KCS,165641743
2026-09-01,MX,409024834
2026-09-07,KCS,165641743
2026-09-07,MX,409024834
2026-09-08,KCS,165641743
2026-09-08,MX,409024834
2026-09-09,KCS,165641743
2026-09-09,MX,409024834
2026-09-10,KCS,165641743
2026-09-10,MX,409024834
2026-09-11,KCS,165641743
2026-09-11,MX,409024834
2026-09-12,KCS,165641743
2026-09-12,MX,409024834
2026-09-13,KCS,165641743
2026-09-13,MX,409024834
2026-09-14,KCS,165641743
2026-09-14,MX,409024834
2026-09-15,KCS,165641743
2026-09-15,MX,409024834
2026-09-16,KCS,165641743
2026-09-16,MX,409024834
2026-09-17,KCS,165641743
2026-09-17,MX,409024834
2026-09-18,KCS,165641743
2026-09-18,MX,409024834
2026-09-19,KCS,165641743
2026-09-19,MX,409024834
2026-09-20,KCS,165641743
2026-09-20,MX,409024834
2026-09-21,KCS,165641743
2026-09-21,MX,409024834
2026-09-22,KCS,165641743
2026-09-22,MX,409024834
2026-09-23,KCS,165641743
2026-09-23,MX,409024834
2026-09-24,KCS,165641743
2026-09-24,MX,409024834
2026-09-25,KCS,165641743
2026-09-25,MX,409024834
2026-09-26,KCS,165641743
2026-09-26,MX,409024834
2026-09-27,KCS,165641743
2026-09-27,MX,409024834
2026-09-28,KCS,165641743
2026-09-28,MX,409024834
2026-09-29,KCS,165641743
2026-09-29,MX,409024834
2026-09-30,KCS,165641743
2026-09-30,MX,409024834
